update,epoch,sample,state_max_abs,state_max_ulp,logit_abs,first_numerical,material_divergence
1,0,0,0,0,3.7252903e-09,0,0
2,0,1,1.86264515e-09,1,1.86264515e-09,1,0
250,4,49,7.4505806e-09,11,0,0,0
500,9,49,2.98023224e-08,5,0,0,0
750,14,49,5.96046448e-08,12,2.98023224e-08,0,0
1000,19,49,5.96046448e-08,15,2.98023224e-08,0,0
1250,24,49,1.1920929e-07,12,0,0,0
1500,29,49,2.38418579e-07,13,1.1920929e-07,0,0
1750,34,49,3.57627869e-07,16,5.96046448e-08,0,0
2000,39,49,4.76837158e-07,26,0,0,0
2250,44,49,5.96046448e-07,65,1.78813934e-07,0,0
2500,49,49,5.96046448e-07,95,2.38418579e-07,0,0
2750,54,49,4.76837158e-07,77,1.78813934e-07,0,0
3000,59,49,5.96046448e-07,278,1.78813934e-07,0,0
3250,64,49,5.96046448e-07,336,0,0,0
3500,69,49,1.07288361e-06,139,3.57627869e-07,0,0
3750,74,49,8.34465027e-07,344,5.96046448e-07,0,0
4000,79,49,9.53674316e-07,185,9.53674316e-07,0,0
4250,84,49,1.07288361e-06,88,4.76837158e-07,0,0
4500,89,49,1.90734863e-06,152,1.16229057e-06,0,0
4750,94,49,1.90734863e-06,246,9.53674316e-07,0,0
5000,99,49,1.90734863e-06,2287,4.76837158e-07,0,0
5250,104,49,2.14576721e-06,599,1.1920929e-07,0,0
5500,109,49,1.90734863e-06,4850,1.1920929e-07,0,0
5750,114,49,1.90734863e-06,618,1.1920929e-07,0,0
6000,119,49,2.14576721e-06,626,4.76837158e-07,0,0
6250,124,49,2.14576721e-06,633,4.76837158e-07,0,0
6500,129,49,1.90734863e-06,317,5.96046448e-07,0,0
6750,134,49,1.90734863e-06,5155,4.76837158e-07,0,0
7000,139,49,2.14576721e-06,322,6.55651093e-07,0,0
7250,144,49,1.90734863e-06,2578,1.1920929e-07,0,0
7500,149,49,2.14576721e-06,726,1.1920929e-06,0,0
7750,154,49,2.14576721e-06,374,7.15255737e-07,0,0
8000,159,49,2.38418579e-06,732,3.57627869e-07,0,0
8250,164,49,2.62260437e-06,417,0,0,0
8500,169,49,2.62260437e-06,322,1.1920929e-06,0,0
8750,174,49,2.62260437e-06,323,1.78813934e-06,0,0
9000,179,49,2.62260437e-06,323,2.14576721e-06,0,0
9250,184,49,2.50339508e-06,2049,2.14576721e-06,0,0
9500,189,49,2.68220901e-06,602,1.01327896e-06,0,0
9750,194,49,3.03983688e-06,349,2.86102295e-06,0,0
10000,199,49,3.39746475e-06,324,1.07288361e-06,0,0
10250,204,49,3.27825546e-06,474,2.62260437e-06,0,0
10500,209,49,3.33786011e-06,529,3.57627869e-07,0,0
10750,214,49,3.63588333e-06,848,5.96046448e-07,0,0
10874,217,23,3.27825546e-06,1610,3.86238098e-05,0,1
11000,219,49,3.21865082e-06,1115,8.70227814e-06,0,0
11250,224,49,5.76674938e-06,11175,3.09944153e-06,0,0
11500,229,49,5.06639481e-06,1515,1.83582306e-05,0,0
11750,234,49,4.05311584e-06,2477,9.53674316e-07,0,0
12000,239,49,0.000114351511,93696,0.000449180603,0,1
12250,244,49,7.24196434e-05,131467,0.000104784966,0,1
12500,249,49,6.18472695e-05,44306,0.000128746033,0,0
12750,254,49,5.50597906e-05,22159,4.10079956e-05,0,0
13000,259,49,0.000253975391,62927,7.10487366e-05,0,0
13250,264,49,0.00211644173,758808,0.0174336433,0,1
13500,269,49,0.00986877084,11813741,0.013528347,0,1
13750,274,49,0.00829493999,1949170527,0.0026307106,0,1
14000,279,49,0.00750312209,8673182,0.00176130235,0,1
14250,284,49,0.0327236056,2018812843,0.0283899307,0,1
14500,289,49,0.0236130953,2013430350,0.0281589031,0,1
14750,294,49,0.0293483734,2009142351,0.0247645378,0,1
15000,299,49,0.0230894983,11239605,0.0156137943,0,1
15250,304,49,0.0237942412,4128984,0.00422000885,0,1
15500,309,49,0.0252948403,7799570,0.0172953606,0,1
15750,314,49,0.08790797,2009551657,0.0575180054,0,1
16000,319,49,0.100151248,2003337982,0.186000109,0,1
16250,324,49,0.0595562458,1996453978,0.0259511471,0,1
16500,329,49,0.0540760159,1991259835,0.0402371883,0,1
16750,334,49,0.0579501279,1950082276,0.00284147263,0,1
17000,339,49,0.0652814955,2012679942,0.0353331566,0,1
17250,344,49,0.0690105557,2007605111,0.00773513317,0,1
17500,349,49,0.128670037,11717239,0.0774505138,0,1
17750,354,49,0.0406749249,2017683244,0.0754621029,0,1
18000,359,49,0.0417815447,2013892814,0.0236280859,0,1
18250,364,49,0.0460386872,18703394,0.111539841,0,1
18500,369,49,0.145322725,2048041379,0.0768462121,0,1
18750,374,49,0.0534232929,1980078645,0.0469545126,0,1
19000,379,49,0.0699862838,27051283,0.656503677,0,1
19250,384,49,0.0801488757,1987825861,0.0264975727,0,1
19500,389,49,0.0607058406,1997308299,0.00864315033,0,1
19750,394,49,0.102443241,2053822652,0.0194935799,0,1
20000,399,49,0.0688775778,2010048496,0.0244707465,0,1
20250,404,49,0.0678001642,1989574861,0.00893980265,0,1
20500,409,49,0.0955711529,2010184646,0.87352562,0,1
20750,414,49,0.0557271242,2022998812,0.0202235579,0,1
21000,419,49,0.0557009578,2038703535,0.74513483,0,1
21250,424,49,0.0508987233,2040591964,0.0146622658,0,1
21500,429,49,0.0937663615,2030204227,0.1613065,0,1
21750,434,49,0.0675988346,22468107,0.0607218742,0,1
22000,439,49,0.0931686163,18094643,0.0171198249,0,1
22250,444,49,0.0612251759,10748149,0.0173945427,0,1
22500,449,49,0.0687070787,17139357,0.0223237872,0,1
22750,454,49,0.0960133746,21773431,0.00902044773,0,1
23000,459,49,0.121399626,2023325779,0.341770172,0,1
23250,464,49,0.184906766,2021190830,1.82510138,0,1
23500,469,49,0.0812294781,2047841720,0.205365419,0,1
23750,474,49,0.0704779774,2036095891,0.00961685181,0,1
24000,479,49,0.11507988,2033887912,0.175436735,0,1
24250,484,49,0.0927279592,1933477437,0.154761791,0,1
24500,489,49,0.0673214048,39170057,0.390843391,0,1
24750,494,49,0.0892751217,2028400865,0.0984339714,0,1
25000,499,49,0.177895308,2016143353,0.00318866968,0,1
25250,504,49,0.0773851126,2028519500,0.144911051,0,1
25500,509,49,0.107029557,2035163230,0.993501902,0,1
25750,514,49,0.0998073816,2038198278,0.320632339,0,1
26000,519,49,0.192473471,2052003697,0.150112569,0,1
26250,524,49,0.311518431,2061918956,0.5107463,0,1
26500,529,49,0.280316353,2044759757,0.568083882,0,1
26750,534,49,0.230076224,2043331381,0.056210041,0,1
27000,539,49,0.215923637,2046964260,0.084602952,0,1
27250,544,49,0.196115732,2063469823,0.119700909,0,1
27500,549,49,0.238808274,2061542019,0.165763855,0,1
27750,554,49,0.271904469,2053949173,0.228803158,0,1
28000,559,49,0.239602208,2036581504,1.81137896,0,1
28250,564,49,0.282726049,2050417329,0.379024506,0,1
28500,569,49,0.244998813,2064865018,1.03504801,0,1
28750,574,49,0.271319985,2072285832,0.835960507,0,1
29000,579,49,0.431740284,2078255169,0.42013061,0,1
29250,584,49,0.331261516,2038002255,1.16850376,0,1
29500,589,49,0.245290875,2046627897,0.0475324392,0,1
29750,594,49,0.202599525,2059829833,0.380321026,0,1
30000,599,49,0.268952966,2066349167,0.401244879,0,1
30250,604,49,0.231335044,2063587220,0.369557858,0,1
30500,609,49,0.213170648,2036272345,0.137647569,0,1
30750,614,49,0.180594325,2045720099,1.88843679,0,1
31000,619,49,0.404389054,2080818163,3.40358067,0,1
31250,624,49,0.370687693,2077863782,4.17162991,0,1
31500,629,49,0.432198167,2088445485,0.631551147,0,1
31750,634,49,0.415769637,2082792097,0.41940701,0,1
32000,639,49,0.472083956,2063790695,1.10232687,0,1
32250,644,49,0.418841302,2071263300,0.00158655643,0,1
32500,649,49,0.369506747,2077701655,0.055331707,0,1
32750,654,49,0.332254082,2071532222,0.434260845,0,1
33000,659,49,0.314160228,2070367919,0.333399415,0,1
33250,664,49,0.40245527,2090605884,6.34995508,0,1
33500,669,49,0.240384817,2071929009,0.660356641,0,1
33750,674,49,0.270630896,2068522021,0.46622467,0,1
34000,679,49,0.364133358,2066013920,0.064303875,0,1
34250,684,49,0.363462985,2066761128,2.74944115,0,1
34500,689,49,0.46117723,2081053301,4.68019581,0,1
34750,694,49,0.403750718,2082931445,0.617586136,0,1
35000,699,49,0.39601934,2085041504,7.44525862,0,1
35250,704,49,0.422894388,2087120473,1.06992388,0,1
35500,709,49,0.431379795,2074285118,3.8827281,0,1
35750,714,49,0.445207894,2077397542,0.192769527,0,1
36000,719,49,0.450402081,2078507971,0.0880668163,0,1
36250,724,49,0.545923114,2085859193,3.13041019,0,1
36500,729,49,0.594456851,2076951363,2.07055259,0,1
36750,734,49,0.561007082,2081133086,0.933471918,0,1
37000,739,49,0.584633708,2084490287,1.91448593,0,1
37250,744,49,0.601006567,2086517671,0.519518971,0,1
37500,749,49,0.666234016,2087974439,0.253654122,0,1
37750,754,49,0.64283067,2088643092,6.43929625,0,1
38000,759,49,0.682752609,2089838369,6.20489693,0,1
38250,764,49,0.674282074,2096584593,1.44898808,0,1
38500,769,49,0.670463681,2099009376,3.86810684,0,1
38750,774,49,0.647586346,2096362637,3.37250042,0,1
39000,779,49,0.634000123,2093210052,1.27145696,0,1
39250,784,49,0.605548859,2086952893,0.00850439072,0,1
39500,789,49,0.800884724,2105692313,0.00707674026,0,1
39750,794,49,0.848112702,2107789151,2.91896343,0,1
40000,799,49,0.803448379,2106134751,1.07413745,0,1
40250,804,49,0.784892678,2105099909,7.99241495,0,1
40500,809,49,0.780723691,2105097708,6.17404604,0,1
40750,814,49,0.764144063,2104326915,2.51151562,0,1
41000,819,49,0.756888986,2104235842,2.65471983,0,1
41250,824,49,0.738505125,2103487105,1.72532141,0,1
41500,829,49,0.719295979,2102812572,4.90969849,0,1
41750,834,49,0.703710556,2102499451,1.12863231,0,1
42000,839,49,0.683426142,2101810942,2.6150701,0,1
42250,844,49,0.65714699,2100885544,1.60824931,0,1
42500,849,49,0.628108025,2100148065,3.52282,0,1
42750,854,49,0.578711092,2098264463,4.08000374,0,1
43000,859,49,0.595870733,2096353111,0.960861444,0,1
43250,864,49,0.598079085,2096487494,0.134304404,0,1
43500,869,49,0.60238409,2096809999,0.597807169,0,1
43750,874,49,0.579730928,2094806252,0.121310234,0,1
44000,879,49,0.705558956,2096025255,1.1551466,0,1
44250,884,49,0.623345196,2098351437,1.35351801,0,1
44500,889,49,0.604857266,2097132214,1.53952408,0,1
44750,894,49,0.61872381,2096361377,0.791605711,0,1
45000,899,49,0.598376513,2092733759,1.47367668,0,1
45250,904,49,0.59542942,2091299221,1.56648016,0,1
45500,909,49,0.600344658,2090791720,0.25030148,0,1
45750,914,49,0.62146616,2090078049,0.676715136,0,1
46000,919,49,0.601373196,2089545893,0.285747886,0,1
46250,924,49,0.867514789,2089689207,2.32221365,0,1
46500,929,49,0.80722785,2088691532,0.321033955,0,1
46750,934,49,0.799529791,2088060346,0.0424500704,0,1
47000,939,49,0.7688694,2087958365,4.74728441,0,1
47250,944,49,0.767684937,2087435772,0.196478009,0,1
47500,949,49,0.760981798,2086705026,1.43808818,0,1
47750,954,49,0.750589848,2085432662,0.297077894,0,1
48000,959,49,0.768377304,2086217781,8.74975109,0,1
48250,964,49,0.832031488,2082766633,2.98730755,0,1
48500,969,49,0.792352676,2083361672,0.10914433,0,1
48750,974,49,0.778801441,2083593610,0.0587773323,0,1
49000,979,49,0.780374765,2083696832,0.0922473669,0,1
49250,984,49,0.774427176,2084187757,0.523163795,0,1
49500,989,49,0.765382051,2084933420,0.167401075,0,1
49750,994,49,0.762677193,2084879924,1.59347773,0,1
50000,999,49,0.752125502,2085596477,0.198741913,0,1
50250,1004,49,0.743307829,2085942773,1.2002039,0,1
50500,1009,49,0.738894939,2086152438,0.782067776,0,1
50750,1014,49,0.729050159,2086730969,0.872977734,0,1
51000,1019,49,0.723681688,2087113530,0.911952972,0,1
51250,1024,49,0.718963146,2087425936,1.3670516,0,1
51500,1029,49,0.714527607,2087813115,0.927374363,0,1
51750,1034,49,0.627521515,2087844150,0.292289972,0,1
52000,1039,49,0.625203729,2085676247,0.493415833,0,1
52250,1044,49,0.619709551,2086502854,3.59811878,0,1
52500,1049,49,0.613478839,2087628427,0.545017719,0,1
52750,1054,49,0.616719842,2087908986,0.552989483,0,1
53000,1059,49,0.610213339,2088616004,0.128266335,0,1
53250,1064,49,0.605412722,2089141660,0.0227695704,0,1
53500,1069,49,0.600643873,2089507935,1.23025799,0,1
53750,1074,49,0.597064376,2089929711,0.0749189854,0,1
54000,1079,49,0.60075587,2089939855,0.879745007,0,1
54250,1084,49,0.602336049,2091661994,1.32774878,0,1
54500,1089,49,0.604243934,2092409596,0.0286861658,0,1
54750,1094,49,0.604169548,2093005199,0.0356886387,0,1
55000,1099,49,0.603559971,2093489288,0.0268980265,0,1
55250,1104,49,0.998933792,2094908039,12.321907,0,1
55500,1109,49,1.80317581,2119972277,0.162673116,0,1
55750,1114,49,1.92619836,2124119503,0.626841545,0,1
56000,1119,49,1.88909078,2122612624,4.47692204,0,1
56250,1124,49,1.87656784,2121945880,5.83238363,0,1
56500,1129,49,1.6514945,2106380889,4.78503275,0,1
56750,1134,49,1.47906208,2093494678,2.46139956,0,1
57000,1139,49,1.36054564,2093546409,0.0527403355,0,1
57250,1144,49,1.27462626,2094078443,2.97408676,0,1
57500,1149,49,1.20902801,2094380865,3.18793821,0,1
57750,1154,49,1.14817452,2094847510,2.88730407,0,1
58000,1159,49,1.10100889,2094975761,0.407209396,0,1
58250,1164,49,1.05451131,2095608444,0.480197906,0,1
58500,1169,49,1.01323366,2095860962,3.29482388,0,1
58750,1174,49,0.978368044,2096216031,0.345219374,0,1
59000,1179,49,0.940834045,2096932212,1.56486034,0,1
59250,1184,49,0.908753633,2097405182,1.44410801,0,1
59500,1189,49,0.881118774,2097658047,1.7203393,0,1
59750,1194,49,0.944405794,2098145837,1.81736135,0,1
60000,1199,49,1.2628665,2094264382,5.42904663,0,1
60250,1204,49,1.23940396,2095415988,6.38457918,0,1
60500,1209,49,1.17030573,2096352419,4.86000824,0,1
60750,1214,49,1.16653514,2095825599,4.7052083,0,1
61000,1219,49,1.14103007,2095950711,3.97629261,0,1
61250,1224,49,1.11705375,2096894360,3.51005268,0,1
61500,1229,49,1.08593154,2097787089,4.24267769,0,1
61750,1234,49,1.05005503,2098571786,0.421234608,0,1
62000,1239,49,1.03629088,2100500101,0.851739883,0,1
62250,1244,49,1.01705289,2100785681,6.779387,0,1
62500,1249,49,0.979522467,2101209366,3.5598402,0,1
62750,1254,49,0.975537062,2101401354,4.60512686,0,1
63000,1259,49,1.05355525,2104638639,2.36399698,0,1
63250,1264,49,1.08997893,2104913437,4.53065968,0,1
63500,1269,49,1.0632925,2105060380,5.15648174,0,1
63750,1274,49,1.04784036,2105248380,5.15955257,0,1
64000,1279,49,1.00655365,2106019261,10.7937059,0,1
64250,1284,49,0.990549564,2106230577,4.71835375,0,1
64500,1289,49,0.95722127,2106790713,2.09834099,0,1
64750,1294,49,0.953203201,2107330208,3.86017776,0,1
65000,1299,49,0.922664165,2107764144,4.39754725,0,1
65250,1304,49,0.877954483,2108211839,1.08311892,0,1
65500,1309,49,0.885826826,2109038748,0.152016163,0,1
65750,1314,49,0.875836968,2109762998,4.58650589,0,1
66000,1319,49,0.910066962,2110911564,0.91955018,0,1
66250,1324,49,0.931836963,2111314593,3.1703577,0,1
66500,1329,49,0.953597426,2111688121,0.411084652,0,1
66750,1334,49,0.976611614,2112081425,1.15333462,0,1
67000,1339,49,0.990739882,2112319353,3.14878416,0,1
67250,1344,49,1.04280674,2112587752,1.50190878,0,1
67500,1349,49,1.07503676,2112717418,1.34541297,0,1
67750,1354,49,1.10078502,2112950733,3.40467238,0,1
68000,1359,49,1.14575481,2113087485,3.88367748,0,1
68250,1364,49,1.16333163,2113251765,0.18417716,0,1
68500,1369,49,1.17291653,2113464596,3.25500441,0,1
68750,1374,49,1.21580315,2113616424,3.103477,0,1
69000,1379,49,1.24713778,2113715526,0.935076475,0,1
69250,1384,49,1.29390574,2113962437,2.43093443,0,1
69500,1389,49,1.3281908,2114357730,0.159730911,0,1
69750,1394,49,1.35042918,2113983874,0.174841642,0,1
70000,1399,49,1.37640619,2114058608,2.75182223,0,1
70250,1404,49,1.40585208,2114068185,0.50865674,0,1
70500,1409,49,1.44758844,2114277641,0.0482263565,0,1
70750,1414,49,1.47013664,2114444482,4.36846733,0,1
71000,1419,49,1.49707055,2114451834,2.51112556,0,1
71250,1424,49,1.39998591,2114544342,11.7595968,0,1
71500,1429,49,1.42581034,2114052225,5.02845573,0,1
71750,1434,49,1.45519352,2114306561,0.70964551,0,1
72000,1439,49,1.50242364,2114361507,1.83882904,0,1
72250,1444,49,1.54050374,2114570497,2.46509933,0,1
72500,1449,49,1.57367849,2114656190,5.59089756,0,1
72750,1454,49,1.60217464,2114891123,0.369337559,0,1
73000,1459,49,1.63675904,2115045336,0.897769451,0,1
73250,1464,49,1.67059481,2115209409,1.66704226,0,1
73500,1469,49,1.69943297,2115460119,0.167412758,0,1
73750,1474,49,1.72339535,2115452294,0.957671642,0,1
74000,1479,49,1.67439604,2116455886,2.64327145,0,1
74250,1484,49,1.71266329,2115946049,2.20622063,0,1
74500,1489,49,1.71959722,2116512376,2.73996401,0,1
74750,1494,49,1.74769282,2116522981,1.30037642,0,1
75000,1499,49,1.77018261,2116559361,0.0769872665,0,1
75250,1504,49,1.79724526,2116838040,1.46251202,0,1
75500,1509,49,1.8161993,2116810066,1.74648952,0,1
75750,1514,49,1.82953513,2117174906,1.21734095,0,1
76000,1519,49,1.85693276,2117216881,1.73319817,0,1
76250,1524,49,1.88015842,2117373425,1.15173316,0,1
76500,1529,49,1.90682125,2117429277,1.73413706,0,1
76750,1534,49,1.93072772,2117497151,2.19473696,0,1
77000,1539,49,1.9531827,2117541544,1.49747324,0,1
77250,1544,49,1.97179782,2117732287,5.68315983,0,1
77500,1549,49,1.98901677,2117679219,1.9202261,0,1
77750,1554,49,2.00952554,2117769307,1.50453949,0,1
78000,1559,49,2.03057241,2117820201,0.224215269,0,1
78250,1564,49,2.05119777,2117790105,1.25897408,0,1
78500,1569,49,2.06971717,2117832678,1.74812269,0,1
78750,1574,49,2.08650303,2117795191,0.373084068,0,1
79000,1579,49,2.09955359,2117890374,0.150011063,0,1
79250,1584,49,2.10189295,2118005226,0.196508646,0,1
79500,1589,49,2.12470126,2118025210,1.90452337,0,1
79750,1594,49,2.13955116,2118006627,1.84559345,0,1
80000,1599,49,2.15647268,2117952515,0.898129225,0,1
80250,1604,49,2.17224646,2117992422,2.1494236,0,1
80500,1609,49,2.18988156,2117944509,0.433361292,0,1
80750,1614,49,2.20029688,2118006034,0.439922333,0,1
81000,1619,49,2.21606112,2118064843,0.967734575,0,1
81250,1624,49,2.23450136,2117995865,0.873476982,0,1
81500,1629,49,2.04266596,2118115409,13.0986042,0,1
81750,1634,49,2.04738283,2117631948,2.49850988,0,1
82000,1639,49,2.0873754,2117617501,1.87228489,0,1
82250,1644,49,2.12463927,2117737547,1.98476267,0,1
82500,1649,49,2.15746236,2117697659,2.26684904,0,1
82750,1654,49,2.17988777,2118063083,5.5804491,0,1
83000,1659,49,2.20574331,2117801086,1.77891016,0,1
83250,1664,49,2.22405767,2118002274,0.43688035,0,1
83500,1669,49,2.24907351,2117981606,6.08349609,0,1
83750,1674,49,2.26599622,2117826815,1.99729252,0,1
84000,1679,49,2.28417611,2117998189,1.3831501,0,1
84250,1684,49,2.30154371,2117692905,0.256186962,0,1
84500,1689,49,2.31683969,2117547048,0.0339446068,0,1
84750,1694,49,2.31136537,2117360381,5.27723789,0,1
85000,1699,49,2.32968283,2117114022,0.799639463,0,1
85250,1704,49,2.30037999,2114192184,3.2077322,0,1
85500,1709,49,2.59554887,2108738022,7.94723463,0,1
85750,1714,49,2.62343001,2109194655,0.884949684,0,1
86000,1719,49,2.67887521,2109366746,9.73137093,0,1
86250,1724,49,2.72390127,2109683512,5.8482976,0,1
86500,1729,49,2.77084017,2109497620,1.13349962,0,1
86750,1734,49,2.7789402,2109984054,0.882538795,0,1
87000,1739,49,2.78562355,2109934066,1.24135685,0,1
87250,1744,49,2.85607195,2110760506,3.93681669,0,1
87500,1749,49,2.80645037,2110617555,5.38289022,0,1
87750,1754,49,2.84801817,2110663654,0.96155262,0,1
88000,1759,49,2.88010454,2110719812,8.99755192,0,1
88250,1764,49,2.85948658,2111154211,7.69611835,0,1
88500,1769,49,2.80380726,2111210931,0.8802104,0,1
88750,1774,49,2.84679341,2111148795,0.811237574,0,1
89000,1779,49,2.83202267,2111701652,1.29251528,0,1
89250,1784,49,2.83001828,2111497444,3.23131061,0,1
89500,1789,49,2.87570524,2111308488,3.51398563,0,1
89750,1794,49,2.89282322,2112252127,13.2839432,0,1
90000,1799,49,2.97465277,2112173408,6.74806023,0,1
90250,1804,49,2.93962383,2112379409,0.648149967,0,1
90500,1809,49,2.99710083,2112215414,2.62670946,0,1
90750,1814,49,2.97252083,2112154955,6.38178539,0,1
91000,1819,49,2.89294529,2112230124,7.37597466,0,1
91250,1824,49,2.94179416,2112619664,1.79462528,0,1
91500,1829,49,3.03968024,2112302093,3.24530602,0,1
91750,1834,49,3.00648189,2112484167,0.560581923,0,1
92000,1839,49,3.02929592,2113199512,1.70492744,0,1
92250,1844,49,3.09768438,2113647062,0.302555084,0,1
92500,1849,49,3.0692122,2113761207,2.61816359,0,1
92750,1854,49,2.97777915,2114105113,0.999857903,0,1
93000,1859,49,2.97273135,2114463232,0.822621346,0,1
93250,1864,49,3.07746077,2114091395,0.172179937,0,1
93500,1869,49,3.06672359,2114332428,16.0217228,0,1
93750,1874,49,3.10033178,2114750723,8.82074738,0,1
94000,1879,49,3.10829449,2114936037,1.81848526,0,1
94250,1884,49,3.13651991,2114930908,6.03094912,0,1
94500,1889,49,3.06318665,2115392812,2.05903053,0,1
94750,1894,49,3.14950013,2115441542,0.217428923,0,1
95000,1899,49,3.18874002,2115377313,0.102402449,0,1
95250,1904,49,3.19678783,2115603062,6.53946877,0,1
95500,1909,49,3.16042089,2115589842,1.15348029,0,1
95750,1914,49,3.15543509,2116148688,1.09037209,0,1
96000,1919,49,3.19838905,2122696723,0.0252028704,0,1
96250,1924,49,3.04985714,2125775387,1.07868075,0,1
96500,1929,49,2.73499393,2130063979,6.16913843,0,1
96750,1934,49,2.58451438,2130323905,6.16641998,0,1
97000,1939,49,2.84280229,2129496538,6.61961174,0,1
97250,1944,49,2.83289957,2129322607,4.64814901,0,1
97500,1949,49,3.02819419,2128999184,0.616382837,0,1
97750,1954,49,3.02235508,2128982486,0.989793062,0,1
98000,1959,49,3.02561879,2128984173,2.49688935,0,1
98250,1964,49,3.04907012,2128969505,3.46719265,0,1
98500,1969,49,3.04060483,2128984001,5.74360752,0,1
98750,1974,49,3.02602434,2129005323,0.0565369129,0,1
99000,1979,49,3.02694607,2129095142,4.67103481,0,1
99250,1984,49,3.02743602,2129205382,2.23421955,0,1
99500,1989,49,3.02905655,2129367989,0.225355625,0,1
99750,1994,49,3.0317347,2129489916,1.54268551,0,1
100000,1999,49,3.02524948,2129697224,3.82428145,0,1
100250,2004,49,3.03586221,2129825304,4.13831329,0,1
100500,2009,49,3.03653336,2129956730,0.0836794376,0,1
100750,2014,49,3.03558278,2130060826,3.23009253,0,1
101000,2019,49,3.03651977,2130126796,2.47617531,0,1
101250,2024,49,3.03694177,2130177251,3.54733324,0,1
101500,2029,49,3.03905201,2130272519,5.35058498,0,1
101750,2034,49,3.03679466,2130345966,0.621981621,0,1
102000,2039,49,3.00555921,2130481867,4.6346736,0,1
102250,2044,49,3.00491047,2132370383,3.06651497,0,1
102500,2049,49,2.97927809,2132060015,2.67176414,0,1
102750,2054,49,2.95265126,2131161935,4.40752172,0,1
103000,2059,49,2.94958687,2131239211,4.62959194,0,1
103250,2064,49,2.94844937,2131229919,3.71776199,0,1
103500,2069,49,2.94709587,2131199974,0.477311373,0,1
103750,2074,49,2.94251847,2131181854,5.98672676,0,1
104000,2079,49,2.93610263,2131185527,5.45884275,0,1
104250,2084,49,2.94595981,2131216775,0.689348698,0,1
104500,2089,49,2.93546128,2131218439,0.263932705,0,1
104750,2094,49,2.92921019,2131213833,6.53496838,0,1
105000,2099,49,2.92480898,2131280486,3.70592976,0,1
105250,2104,49,2.92131281,2131286745,3.75800943,0,1
105500,2109,49,2.91565323,2131253262,1.15304756,0,1
105750,2114,49,2.91047192,2131324149,0.012036562,0,1
106000,2119,49,2.9051466,2131361774,3.84988475,0,1
106250,2124,49,2.90781975,2131122693,0.530680895,0,1
106500,2129,49,2.89730287,2131160532,0.784860134,0,1
106750,2134,49,3.15749478,2140416203,1.93864799,0,1
107000,2139,49,3.15150094,2140365923,0.625894547,0,1
107250,2144,49,3.14651752,2140324119,2.47405767,0,1
107500,2149,49,3.13908482,2140261768,0.580023766,0,1
107750,2154,49,3.13126373,2140196162,0.629504204,0,1
108000,2159,49,3.11187625,2140033527,4.66374969,0,1
108250,2164,49,3.10111046,2139943217,0.143877268,0,1
108500,2169,49,3.09634137,2139903211,0.18108058,0,1
108750,2174,49,3.08667254,2139822103,0.0924851894,0,1
109000,2179,49,3.0748868,2139723236,1.3187592,0,1
109250,2184,49,3.06919861,2139675521,2.28574467,0,1
109500,2189,49,3.06155252,2139611381,0.248332262,0,1
109750,2194,49,3.04983282,2139513068,0.105903864,0,1
110000,2199,49,3.04008293,2139420517,0.558345795,0,1
110250,2204,49,3.0519774,2139367554,0.823189259,0,1
110500,2209,49,3.05675459,2139304216,3.05424881,0,1
110750,2214,49,3.07097626,2139251053,0.210816622,0,1
111000,2219,49,3.12494802,2139143955,0.639657974,0,1
111250,2224,49,3.17153525,2139052706,0.669374228,0,1
111500,2229,49,3.201051,2138971428,0.0204074383,0,1
111750,2234,49,3.20388818,2138847870,0.674217343,0,1
112000,2239,49,3.20321798,2138727747,1.32465076,0,1
112250,2244,49,3.19931293,2138652898,0.107211351,0,1
112500,2249,49,3.2075088,2138588822,3.05931139,0,1
112750,2254,49,3.21527076,2138551084,0.249984026,0,1
113000,2259,49,3.20666909,2138485551,1.44456816,0,1
113250,2264,49,3.20942044,2138438165,2.63223314,0,1
113500,2269,49,3.19689965,2138397372,5.85322762,0,1
113750,2274,49,3.20149422,2138364235,3.20038509,0,1
114000,2279,49,3.19968772,2138338495,4.95740986,0,1
114250,2284,49,3.19751215,2138336143,2.06336021,0,1
114500,2289,49,3.210747,2138360806,0.254617453,0,1
114750,2294,49,3.20670104,2138338245,0.575732708,0,1
115000,2299,49,3.19092298,2138322578,0.088092804,0,1
115250,2304,49,3.19028068,2138313003,7.13415337,0,1
115500,2309,49,3.20536637,2138294243,0.896547318,0,1
115750,2314,49,3.2002933,2138256518,0.757048845,0,1
116000,2319,49,3.18224549,2138266321,5.11511517,0,1
116250,2324,49,3.17146921,2138267908,6.21330261,0,1
116500,2329,49,3.17055011,2138284468,0.770524502,0,1
116750,2334,49,3.15468812,2138294175,4.45618534,0,1
117000,2339,49,3.14794612,2138284788,0.319843531,0,1
117250,2344,49,3.14295292,2138316493,8.20174217,0,1
117500,2349,49,3.14014554,2138347043,3.69264269,0,1
117750,2354,49,3.13511133,2138379509,3.80825043,0,1
118000,2359,49,3.13109994,2138401421,0.151400089,0,1
118250,2364,49,3.10622931,2138451523,8.06426525,0,1
118500,2369,49,3.10539079,2138490012,0.349250913,0,1
118750,2374,49,3.06777763,2138533334,4.17194223,0,1
119000,2379,49,3.04709101,2138578673,3.23539877,0,1
119250,2384,49,3.01538897,2138622901,4.41471052,0,1
119500,2389,49,2.99810648,2138683660,3.35821462,0,1
119750,2394,49,2.99429393,2138751266,3.73082638,0,1
120000,2399,49,2.96251774,2138780618,0.815396786,0,1
120250,2404,49,2.96300054,2138784667,0.513231754,0,1
120500,2409,49,2.96648669,2138813911,1.74007463,0,1
120750,2414,49,2.96269941,2138782140,0.77468729,0,1
121000,2419,49,2.95905447,2138751566,10.4460297,0,1
121250,2424,49,2.96783686,2138825236,0.407764912,0,1
121500,2429,49,2.89697647,2138230818,7.38883972,0,1
121750,2434,49,2.90153646,2138269068,7.29530811,0,1
122000,2439,49,2.90994692,2138339620,1.33877206,0,1
122250,2444,49,2.92343402,2138452759,1.14098048,0,1
122500,2449,49,2.92506886,2138466473,1.58477497,0,1
122750,2454,49,2.9144783,2138377633,3.04283452,0,1
123000,2459,49,2.87720275,2138064943,3.90745115,0,1
123250,2464,49,2.84078479,2137759447,0.74330616,0,1
123500,2469,49,2.81263971,2137523348,0.36051023,0,1
123750,2474,49,2.78380919,2137281501,2.30886889,0,1
124000,2479,49,2.77591419,2137091172,7.34985352,0,1
124250,2484,49,2.8308816,2137018902,1.50105619,0,1
124500,2489,49,2.83954358,2137148353,1.88707113,0,1
124750,2494,49,2.8679049,2137593002,0.645093918,0,1
125000,2499,49,2.92302513,2138449329,1.52859998,0,1
